sample_id,true_label,predicted_label,prob_class_0,prob_class_1,concept_1,concept_2,concept_3,concept_4
0,0,1,0.47283458709716797,0.527165412902832,1,0,0,0
1,0,1,0.4714326858520508,0.528567373752594,0,0,1,0
