epoch,train_loss,train_accuracy,val_loss,val_accuracy
1,0.6923434138298035,0.5,0.7401896119117737,0.5
2,0.6661913990974426,0.5,0.8022465705871582,0.5
3,0.6259810924530029,0.75,0.8908233046531677,0.0
4,0.5764040946960449,1.0,1.035261869430542,0.0
5,0.5275332927703857,1.0,1.246145248413086,0.0
6,0.46615153551101685,1.0,1.5433039665222168,0.0
